id,title,document type,publication type,references
PMID:16050778,Dopamine-independent locomotor actions of amphetamines in a novel acute mouse model of Parkinson disease.,PUBMED_ABSTRACT,"D016428:Journal Article, D052061:Research Support, N.I.H., Extramural, D013487:Research Support, U.S. Gov't, P.H.S.",[NOT AVAILABLE]
PMID:20351351,Imaging approaches to Parkinson disease.,PUBMED_ABSTRACT,"D016428:Journal Article, D016454:Review",[NOT AVAILABLE]
PMID:17013907,Problematic gambling on dopamine agonists: Not such a rarity.,PUBMED_ABSTRACT,"D016430:Clinical Trial, D003160:Comparative Study, D016428:Journal Article",[NOT AVAILABLE]
PMID:22368973,Dopamine-deficiency-enhanced hyperthermia and rhabdomyolysis during a heat wave in a metachromatic leucodystrophy heterozygote with metabolic myopathy.,PUBMED_ABSTRACT,"D002363:Case Reports, D016428:Journal Article",[NOT AVAILABLE]
PMID:26646536,A review of adverse events linked to dopamine agonists in the treatment of Parkinson's disease.,PUBMED_ABSTRACT,"D016428:Journal Article, D016454:Review",[NOT AVAILABLE]
PMID:2928345,Striatal phosphoproteins in Parkinson disease and progressive supranuclear palsy.,PUBMED_ABSTRACT,"D003160:Comparative Study, D016428:Journal Article, D013486:Research Support, U.S. Gov't, Non-P.H.S., D013487:Research Support, U.S. Gov't, P.H.S.",[NOT AVAILABLE]
PMID:23792957,Parkinson disease protein DJ-1 binds metals and protects against metal-induced cytotoxicity.,PUBMED_ABSTRACT,"D016428:Journal Article, D013485:Research Support, Non-U.S. Gov't",[NOT AVAILABLE]
PMID:12691415,Stereotactic transplantation of a dopamine-producing capsule into the striatum for treatment of Parkinson disease: a preclinical primate study.,PUBMED_ABSTRACT,"D023362:Evaluation Study, D016428:Journal Article, D013485:Research Support, Non-U.S. Gov't",[NOT AVAILABLE]
PMID:9352546,Quantification of IBZM dopamine receptor SPET in de novo Parkinson patients before and during therapy.,PUBMED_ABSTRACT,"D003160:Comparative Study, D016428:Journal Article, D013485:Research Support, Non-U.S. Gov't",[NOT AVAILABLE]
PMID:9210118,Preliminary voice and speech analysis following fetal dopamine transplants in 5 individuals with Parkinson disease.,PUBMED_ABSTRACT,"D016428:Journal Article, D013487:Research Support, U.S. Gov't, P.H.S.",[NOT AVAILABLE]
PMID:23881622,Parkinson disease and sleep: sleep-wake changes in the premotor stage of Parkinson disease; impaired olfaction and other prodromal features.,PUBMED_ABSTRACT,"D016428:Journal Article, D016454:Review",[NOT AVAILABLE]
PMID:18172064,Globus pallidus dopamine and Parkinson motor subtypes: clinical and brain biochemical correlation.,PUBMED_ABSTRACT,"D003160:Comparative Study, D016428:Journal Article, D013485:Research Support, Non-U.S. Gov't",[NOT AVAILABLE]
PMID:10593354,Medical treatment of later-stage motor problems of Parkinson disease.,PUBMED_ABSTRACT,"D016428:Journal Article, D016454:Review",[NOT AVAILABLE]
PMID:2694735,Strategy and tactic of modern Parkinson therapy.,PUBMED_ABSTRACT,"D016428:Journal Article, D016454:Review",[NOT AVAILABLE]
PMID:14972684,Wlds-mediated protection of dopaminergic fibers in an animal model of Parkinson disease.,PUBMED_ABSTRACT,"D003160:Comparative Study, D016428:Journal Article, D013485:Research Support, Non-U.S. Gov't",[NOT AVAILABLE]
PMID:1115656,Interaction between dopamine and phospholipids. Studies of the substantia nigra in Parkinson disease patients.,PUBMED_ABSTRACT,D016428:Journal Article,[NOT AVAILABLE]
PMID:32651292,Dopamine-responsive and dopamine-resistant resting tremor in Parkinson disease.,PUBMED_ABSTRACT,"D018848:Controlled Clinical Trial, D016428:Journal Article",[NOT AVAILABLE]
PMID:8904076,Levodopa biotransformation in hemi-Parkinson rats: effect of dopamine receptor agonists and antagonists.,PUBMED_ABSTRACT,"D016428:Journal Article, D013485:Research Support, Non-U.S. Gov't",[NOT AVAILABLE]
PMID:12524151,Motor effects of a dopamine stabilizer (GMC1111) in primate models of Parkinson and hemiparkinsonism.,PUBMED_ABSTRACT,"D016428:Journal Article, D013485:Research Support, Non-U.S. Gov't",[NOT AVAILABLE]
PMID:18394421,Peroxynitrite induced formation of the neurotoxins 5-S-cysteinyl-dopamine and DHBT-1: implications for Parkinson's disease and protection by polyphenols.,PUBMED_ABSTRACT,"D016428:Journal Article, D013485:Research Support, Non-U.S. Gov't",[NOT AVAILABLE]
PMID:18246865,Adenosine and dopamine receptor interactions in striatum and caffeine-induced behavioral activation.,PUBMED_ABSTRACT,"D016428:Journal Article, D016454:Review",[NOT AVAILABLE]
PMID:21212609,[Regulation of dopaminergic neuronal death by endogenous dopamine and proteasome activity].,PUBMED_ABSTRACT,"D004740:English Abstract, D016428:Journal Article, D016454:Review",[NOT AVAILABLE]
PMID:31828739,How Important Is the Use of Cocaine and Amphetamines in the Development of Parkinson Disease? A Computational Study.,PUBMED_ABSTRACT,D016428:Journal Article,[NOT AVAILABLE]
PMID:18838108,Selective hyposmia in Parkinson disease: association with hippocampal dopamine activity.,PUBMED_ABSTRACT,"D016428:Journal Article, D052061:Research Support, N.I.H., Extramural",[NOT AVAILABLE]
PMID:26534930,Incident impulse control disorder symptoms and dopamine transporter imaging in Parkinson disease.,PUBMED_ABSTRACT,"D018848:Controlled Clinical Trial, D016428:Journal Article, D016448:Multicenter Study",[NOT AVAILABLE]
PMID:6281898,[Parkinson disease and depression (author's transl)].,PUBMED_ABSTRACT,"D004740:English Abstract, D016428:Journal Article",[NOT AVAILABLE]
PMID:10101608,"[Behavioral, cellular and molecular consequences of the dopamine transporter gene inactivation].",PUBMED_ABSTRACT,"D004740:English Abstract, D016428:Journal Article, D016454:Review",[NOT AVAILABLE]
PMID:17954785,Beating a dead horse: dopamine and Parkinson disease.,PUBMED_ABSTRACT,"D016428:Journal Article, D016454:Review",[NOT AVAILABLE]
PMID:30161282,Recruitment of calbindin into nigral dopamine neurons protects against MPTP-Induced parkinsonism.,PUBMED_ABSTRACT,"D016428:Journal Article, D013485:Research Support, Non-U.S. Gov't",[NOT AVAILABLE]
PMID:23418798,Parkinson disease: an update.,PUBMED_ABSTRACT,"D016428:Journal Article, D016454:Review",[NOT AVAILABLE]
PMID:718139,Brain dopamine receptor stimulation and the relief of Parkinsonism: relationship between bromocriptine and levodopa.,PUBMED_ABSTRACT,D016428:Journal Article,[NOT AVAILABLE]
PMID:24906013,Prescribing pattern of anti-Parkinson drugs in Japan: a trend analysis from 2005 to 2010.,PUBMED_ABSTRACT,D016428:Journal Article,[NOT AVAILABLE]
PMID:19378816,[Pharmacologic treatment of Parkinson disease].,PUBMED_ABSTRACT,"D016428:Journal Article, D016454:Review",[NOT AVAILABLE]
PMID:11494363,In vitro generation and transplantation of precursor-derived human dopamine neurons.,PUBMED_ABSTRACT,D016428:Journal Article,[NOT AVAILABLE]
PMID:14732626,Predictors of impaired daytime sleep and wakefulness in patients with Parkinson disease treated with older (ergot) vs newer (nonergot) dopamine agonists.,PUBMED_ABSTRACT,"D003160:Comparative Study, D016428:Journal Article, D013485:Research Support, Non-U.S. Gov't",[NOT AVAILABLE]
PMID:15195095,Dopamine depletion impairs precursor cell proliferation in Parkinson disease.,PUBMED_ABSTRACT,"D003160:Comparative Study, D016428:Journal Article, D013487:Research Support, U.S. Gov't, P.H.S.",[NOT AVAILABLE]
PMID:24082145,Deficits in dopaminergic transmission precede neuron loss and dysfunction in a new Parkinson model.,PUBMED_ABSTRACT,"D016428:Journal Article, D013485:Research Support, Non-U.S. Gov't",[NOT AVAILABLE]
PMID:16832240,Impact of functional age on the use of dopamine agonists in patients with Parkinson disease.,PUBMED_ABSTRACT,"D016428:Journal Article, D016454:Review",[NOT AVAILABLE]
PMID:17161393,"Novel neuroprotective mechanisms of pramipexole, an anti-Parkinson drug, against endogenous dopamine-mediated excitotoxicity.",PUBMED_ABSTRACT,"D016428:Journal Article, D013485:Research Support, Non-U.S. Gov't",[NOT AVAILABLE]
PMID:20625084,When does Parkinson disease start?,PUBMED_ABSTRACT,"D016428:Journal Article, D052061:Research Support, N.I.H., Extramural, D016454:Review",[NOT AVAILABLE]
PMID:30179648,Model systems for analysis of dopamine transporter function and regulation.,PUBMED_ABSTRACT,"D016428:Journal Article, D052061:Research Support, N.I.H., Extramural, D016454:Review",[NOT AVAILABLE]
PMID:1792139,Olfactory deficits in elderly subjects and Parkinson patients.,PUBMED_ABSTRACT,D016428:Journal Article,[NOT AVAILABLE]
PMID:15534182,Role of dopaminergic treatment in dopamine receptor down-regulation in advanced Parkinson disease: a positron emission tomographic study.,PUBMED_ABSTRACT,"D016430:Clinical Trial, D003160:Comparative Study, D016428:Journal Article",[NOT AVAILABLE]
PMID:30799370,Dopamine Transporter Imaging in Parkinson Disease: Progressive Changes and Therapeutic Modification after Anti-parkinsonian Medications.,PUBMED_ABSTRACT,"D016428:Journal Article, D016454:Review",[NOT AVAILABLE]
PMID:21576821,Protein-based human iPS cells efficiently generate functional dopamine neurons and can treat a rat model of Parkinson disease.,PUBMED_ABSTRACT,"D003160:Comparative Study, D016428:Journal Article, D052061:Research Support, N.I.H., Extramural, D013485:Research Support, Non-U.S. Gov't",[NOT AVAILABLE]
PMID:26696272,Compensatory neural mechanisms in cognitively unimpaired Parkinson disease.,PUBMED_ABSTRACT,"D016428:Journal Article, D016449:Randomized Controlled Trial, D052061:Research Support, N.I.H., Extramural, D013485:Research Support, Non-U.S. Gov't",[NOT AVAILABLE]
PMID:22459675,Activity enhances dopaminergic long-duration response in Parkinson disease.,PUBMED_ABSTRACT,"D016428:Journal Article, D016449:Randomized Controlled Trial, D052061:Research Support, N.I.H., Extramural, D013485:Research Support, Non-U.S. Gov't",[NOT AVAILABLE]
PMID:4050844,"The use of pergolide and lisuride, two experimental dopamine agonists, in patients with advanced Parkinson disease.",PUBMED_ABSTRACT,"D003160:Comparative Study, D016428:Journal Article, D013485:Research Support, Non-U.S. Gov't",[NOT AVAILABLE]
PMID:25952735,Dorsal-to-Ventral Shift in Midbrain Dopaminergic Projections and Increased Thalamic/Raphe Serotonergic Function in Early Parkinson Disease.,PUBMED_ABSTRACT,"D016428:Journal Article, D013485:Research Support, Non-U.S. Gov't",[NOT AVAILABLE]
PMID:11453220,Olfactory sensitivity in early-stage Parkinson patients affected by more marked unilateral disorder.,PUBMED_ABSTRACT,D016428:Journal Article,[NOT AVAILABLE]
PMID:16794346,Histological effects of intraputaminal infusion of glial cell line-derived neurotrophic factor in Parkinson disease model macaque monkeys.,PUBMED_ABSTRACT,D016428:Journal Article,[NOT AVAILABLE]
PMID:26411763,Changes in Rat 50-kHz Ultrasonic Vocalizations During Dopamine Denervation and Aging: Relevance to Neurodegeneration.,PUBMED_ABSTRACT,"D016428:Journal Article, D052061:Research Support, N.I.H., Extramural, D016454:Review",[NOT AVAILABLE]
PMID:20600874,Molecular characterization of dopamine-derived quinones reactivity toward NADH and glutathione: implications for mitochondrial dysfunction in Parkinson disease.,PUBMED_ABSTRACT,"D003160:Comparative Study, D016428:Journal Article, D013485:Research Support, Non-U.S. Gov't",[NOT AVAILABLE]
PMID:14748558,Intralaminar thalamic nuclei lesions: widespread impact on dopamine denervation-mediated cellular defects in the rat basal ganglia.,PUBMED_ABSTRACT,"D003160:Comparative Study, D016428:Journal Article, D013485:Research Support, Non-U.S. Gov't",[NOT AVAILABLE]
PMID:20065130,Dopamine agonist withdrawal syndrome in Parkinson disease.,PUBMED_ABSTRACT,"D016428:Journal Article, D013485:Research Support, Non-U.S. Gov't",[NOT AVAILABLE]
PMID:22045328,Nonmotor disorders and their correlation with dopamine: can they be treated by currently available methods?,PUBMED_ABSTRACT,"D016428:Journal Article, D013485:Research Support, Non-U.S. Gov't, D016454:Review",[NOT AVAILABLE]
PMID:11939892,Dopaminergic function and dopamine transporter binding assessed with positron emission tomography in Parkinson disease.,PUBMED_ABSTRACT,"D016428:Journal Article, D013485:Research Support, Non-U.S. Gov't",[NOT AVAILABLE]
PMID:650207,Plasma dopamine-beta-hydroxylase and erythrocyte acetylcholinesterase in a group of patients with Parkinson disease.,PUBMED_ABSTRACT,"D003160:Comparative Study, D016428:Journal Article",[NOT AVAILABLE]
PMID:31234224,No link between striatal dopaminergic axons and dopamine transporter imaging in Parkinson's disease.,PUBMED_ABSTRACT,"D016428:Journal Article, D013485:Research Support, Non-U.S. Gov't",[NOT AVAILABLE]
PMID:9014455,[Striatal dopamine D2 receptor in Parkinson disease and its related disorders assessed by C-11 NMSP and PET].,PUBMED_ABSTRACT,"D016428:Journal Article, D016454:Review",[NOT AVAILABLE]
PMID:28288482,A Multicenter Comparative Study of Impulse Control Disorder in Latin American Patients With Parkinson Disease.,PUBMED_ABSTRACT,"D003160:Comparative Study, D016428:Journal Article, D016448:Multicenter Study",[NOT AVAILABLE]
PMID:7984527,[Progressive supranuclear paralysis. Quantification of dopamine D2 receptors using radionuclide tomography].,PUBMED_ABSTRACT,"D002363:Case Reports, D016428:Journal Article",[NOT AVAILABLE]
PMID:19204152,Overview of the extranigral aspects of Parkinson disease.,PUBMED_ABSTRACT,"D016428:Journal Article, D016454:Review",[NOT AVAILABLE]
PMID:31953875,Synaptic Changes in Parkinson Disease Assessed with in vivo Imaging.,PUBMED_ABSTRACT,D016428:Journal Article,[NOT AVAILABLE]
PMID:23588357,The role of neuroplasticity in dopaminergic therapy for Parkinson disease.,PUBMED_ABSTRACT,"D016428:Journal Article, D052061:Research Support, N.I.H., Extramural, D013485:Research Support, Non-U.S. Gov't, D016454:Review",[NOT AVAILABLE]
PMID:8958744,[The elevation of serum creatine kinase in the course of Parkinson disease.--in relation to malignant syndrome].,PUBMED_ABSTRACT,"D004740:English Abstract, D016428:Journal Article",[NOT AVAILABLE]
PMID:32044947,Diagnosis and Treatment of Parkinson Disease: A Review.,PUBMED_ABSTRACT,"D016428:Journal Article, D052061:Research Support, N.I.H., Extramural, D013485:Research Support, Non-U.S. Gov't, D016454:Review",[NOT AVAILABLE]
PMID:16896314,"Relationship among alpha-synuclein accumulation, dopamine synthesis, and neurodegeneration in Parkinson disease substantia nigra.",PUBMED_ABSTRACT,"D016428:Journal Article, D013485:Research Support, Non-U.S. Gov't",[NOT AVAILABLE]
PMID:7174859,Degree of selectivity of pergolide as an agonist at presynaptic versus postsynaptic dopamine receptors: implications for prevention or treatment of tardive dyskinesia.,PUBMED_ABSTRACT,D016428:Journal Article,[NOT AVAILABLE]
PMID:31765822,Dopamine D3 receptor: A neglected participant in Parkinson Disease pathogenesis and treatment?,PUBMED_ABSTRACT,"D016428:Journal Article, D052061:Research Support, N.I.H., Extramural, D016454:Review",[NOT AVAILABLE]
PMID:6114985,Dopamine receptors in the Parkinsonian brain.,PUBMED_ABSTRACT,"D016428:Journal Article, D013485:Research Support, Non-U.S. Gov't",[NOT AVAILABLE]
PMID:20065126,Effects of a dopamine agonist on the pharmacodynamics of levodopa in Parkinson disease.,PUBMED_ABSTRACT,"D016430:Clinical Trial, D016428:Journal Article, D016449:Randomized Controlled Trial, D052061:Research Support, N.I.H., Extramural, D013485:Research Support, Non-U.S. Gov't",[NOT AVAILABLE]
PMID:16182609,Viral-mediated temporally controlled dopamine production in a rat model of Parkinson disease.,PUBMED_ABSTRACT,"D016428:Journal Article, D013485:Research Support, Non-U.S. Gov't",[NOT AVAILABLE]
PMID:27194825,"e-Cadherin in 1-Methyl-4-phenyl-1,2,3,6-tetrahydropyridine-Induced Parkinson Disease.",PUBMED_ABSTRACT,"D016428:Journal Article, D013485:Research Support, Non-U.S. Gov't",[NOT AVAILABLE]
PMID:23968974,Effects of dopamine replacement therapy on lower extremity kinetics and kinematics during a rapid force production task in persons with Parkinson disease.,PUBMED_ABSTRACT,"D016428:Journal Article, D052061:Research Support, N.I.H., Extramural, D013485:Research Support, Non-U.S. Gov't",[NOT AVAILABLE]
PMID:8023071,[Disappearance of akinesia in Parkinson disease during a manic attack].,PUBMED_ABSTRACT,"D002363:Case Reports, D016428:Journal Article",[NOT AVAILABLE]
PMID:18504119,Pre- and post-synaptic dopamine imaging and its relation with frontostriatal cognitive function in Parkinson disease: PET studies with [11C]NNC 112 and [18F]FDOPA.,PUBMED_ABSTRACT,"D016428:Journal Article, D052060:Research Support, N.I.H., Intramural",[NOT AVAILABLE]
PMID:24374917,Amide-type adduct of dopamine - plausible cause of Parkinson diseases.,PUBMED_ABSTRACT,"D016428:Journal Article, D016454:Review",[NOT AVAILABLE]
PMID:18797262,Rapid resolution of dopamine dysregulation syndrome (DDS) after subthalamic DBS for Parkinson disease (PD): a case report.,PUBMED_ABSTRACT,"D002363:Case Reports, D016428:Journal Article",[NOT AVAILABLE]
PMID:18332838,Impulse control disorders and pathological gambling in patients with Parkinson disease.,PUBMED_ABSTRACT,"D002363:Case Reports, D016428:Journal Article, D016454:Review",[NOT AVAILABLE]
PMID:24054148,"Biomarkers, mechanisms, and potential prevention of catecholamine neuron loss in Parkinson disease.",PUBMED_ABSTRACT,"D016428:Journal Article, D016454:Review",[NOT AVAILABLE]
PMID:30103971,"Zonisamide cotreatment delays striatal dopamine transporter reduction in Parkinson disease: A retrospective, observational cohort study.",PUBMED_ABSTRACT,"D016428:Journal Article, D064888:Observational Study, D013485:Research Support, Non-U.S. Gov't",[NOT AVAILABLE]
PMID:7211191,Normal plasma dopamine-beta-hydroxylase in non-treated and treated Parkinson patients.,PUBMED_ABSTRACT,D016428:Journal Article,[NOT AVAILABLE]
PMID:1349262,A rationale for dopamine agonists as primary therapy for Parkinson's disease.,PUBMED_ABSTRACT,"D016428:Journal Article, D013487:Research Support, U.S. Gov't, P.H.S., D016454:Review",[NOT AVAILABLE]
PMID:28332488,Parkinson disease.,PUBMED_ABSTRACT,"D016428:Journal Article, D016454:Review",[NOT AVAILABLE]
PMID:26718573,Putaminal dopamine turnover in de novo Parkinson disease predicts later motor complications.,PUBMED_ABSTRACT,"D016428:Journal Article, D013485:Research Support, Non-U.S. Gov't",[NOT AVAILABLE]
PMID:25448687,Salience network and parahippocampal dopamine dysfunction in memory-impaired Parkinson disease.,PUBMED_ABSTRACT,"D016428:Journal Article, D013485:Research Support, Non-U.S. Gov't",[NOT AVAILABLE]
PMID:27941527,Striatal Dopamine Transporter Modulation After Rotigotine: Results From a Pilot Single-Photon Emission Computed Tomography Study in a Group of Early Stage Parkinson Disease Patients.,PUBMED_ABSTRACT,D016428:Journal Article,[NOT AVAILABLE]
PMID:33012351,"Common Myths and Misconceptions That Sidetrack Parkinson Disease Treatment, to the Detriment of Patients.",PUBMED_ABSTRACT,"D016428:Journal Article, D016454:Review",[NOT AVAILABLE]
PMID:1362394,"A multicenter Italian randomised study on early treatment of Parkinson disease: comparison of L-dopa, l-deprenyl and dopaminoagonists. Study design and short term results. The Italian Parkinson Study Group.",PUBMED_ABSTRACT,"D016430:Clinical Trial, D016428:Journal Article, D016448:Multicenter Study, D016449:Randomized Controlled Trial, D013485:Research Support, Non-U.S. Gov't",[NOT AVAILABLE]
PMID:12042811,Dopamine-dependent neurotoxicity of alpha-synuclein: a mechanism for selective neurodegeneration in Parkinson disease.,PUBMED_ABSTRACT,"D016428:Journal Article, D013485:Research Support, Non-U.S. Gov't, D013487:Research Support, U.S. Gov't, P.H.S.",[NOT AVAILABLE]
PMID:26836515,Dissociable Effects of Dopamine on the Initial Capture and the Reactive Inhibition of Impulsive Actions in Parkinson's Disease.,PUBMED_ABSTRACT,"D016428:Journal Article, D052061:Research Support, N.I.H., Extramural, D013485:Research Support, Non-U.S. Gov't",[NOT AVAILABLE]
PMID:22747735,Progressive dopamine and hypocretin deficiencies in Parkinson's disease: is there an impact on sleep and wakefulness?,PUBMED_ABSTRACT,"D003160:Comparative Study, D016428:Journal Article, D013485:Research Support, Non-U.S. Gov't",[NOT AVAILABLE]
PMID:31635513,Impaired Recognition of Facial Emotion in Patients With Parkinson Disease Under Dopamine Therapy.,PUBMED_ABSTRACT,D016428:Journal Article,[NOT AVAILABLE]
PMID:22481510,[Disinhibitory abnormal behavior induced by treatment of Parkinson disease].,PUBMED_ABSTRACT,"D004740:English Abstract, D016428:Journal Article, D016454:Review",[NOT AVAILABLE]
PMID:8466587,"Autoradiographic study on dopamine uptake sites and their correlation with dopamine levels and their striata from patients with Parkinson disease, Alzheimer disease, and neurologically normal controls.",PUBMED_ABSTRACT,"D016428:Journal Article, D013485:Research Support, Non-U.S. Gov't",[NOT AVAILABLE]
PMID:22843412,The neurobiology of glucocerebrosidase-associated parkinsonism: a positron emission tomography study of dopamine synthesis and regional cerebral blood flow.,PUBMED_ABSTRACT,"D016428:Journal Article, D052061:Research Support, N.I.H., Extramural, D052060:Research Support, N.I.H., Intramural",[NOT AVAILABLE]
PMID:16769956,Prospective prevalence of pathologic gambling and medication association in Parkinson disease.,PUBMED_ABSTRACT,"D018848:Controlled Clinical Trial, D016428:Journal Article",[NOT AVAILABLE]
PMID:20660377,Progression from unilateral to bilateral parkinsonism in early Parkinson disease: implication of mesocortical dopamine dysfunction by PET.,PUBMED_ABSTRACT,"D016428:Journal Article, D013485:Research Support, Non-U.S. Gov't",[NOT AVAILABLE]
PMID:9214527,Safety and efficacy of pramipexole in early Parkinson disease. A randomized dose-ranging study. Parkinson Study Group.,PUBMED_ABSTRACT,"D016430:Clinical Trial, D016428:Journal Article, D016448:Multicenter Study, D016449:Randomized Controlled Trial, D013485:Research Support, Non-U.S. Gov't, D013487:Research Support, U.S. Gov't, P.H.S.",[NOT AVAILABLE]
PMID:25812126,Novelty seeking in patients with right- versus left-onset Parkinson disease.,PUBMED_ABSTRACT,"D016428:Journal Article, D013486:Research Support, U.S. Gov't, Non-P.H.S.",[NOT AVAILABLE]
PMID:26718579,D3 dopamine receptor-preferring [11C]PHNO PET imaging in Parkinson patients with dyskinesia.,PUBMED_ABSTRACT,"D016428:Journal Article, D013485:Research Support, Non-U.S. Gov't",[NOT AVAILABLE]
PMID:11176963,Induction by dopamine D1 receptor agonist ABT-431 of dyskinesia similar to levodopa in patients with Parkinson disease.,PUBMED_ABSTRACT,"D016430:Clinical Trial, D016428:Journal Article, D016448:Multicenter Study, D016449:Randomized Controlled Trial, D013485:Research Support, Non-U.S. Gov't",[NOT AVAILABLE]
PMID:25459116,Biotherapies for Parkinson disease.,PUBMED_ABSTRACT,"D016428:Journal Article, D016454:Review",[NOT AVAILABLE]
PMID:18303487,Conversion from dopamine agonists to cabergoline: an open-label trial in 128 patients with advanced Parkinson disease.,PUBMED_ABSTRACT,"D016430:Clinical Trial, D016428:Journal Article, D013485:Research Support, Non-U.S. Gov't",[NOT AVAILABLE]
PMID:22425056,Suppression of bladder overactivity by adenosine A2A receptor antagonist in a rat model of Parkinson disease.,PUBMED_ABSTRACT,"D016428:Journal Article, D052061:Research Support, N.I.H., Extramural, D013485:Research Support, Non-U.S. Gov't",[NOT AVAILABLE]
PMID:32279709,Pharmacologic Treatment of Motor Symptoms Associated with Parkinson Disease.,PUBMED_ABSTRACT,"D016428:Journal Article, D016454:Review",[NOT AVAILABLE]
PMID:25457814,"Cancer risks among the users of ergot-derived dopamine agonists for Parkinson's disease, a nationwide population-based survey.",PUBMED_ABSTRACT,"D016428:Journal Article, D013485:Research Support, Non-U.S. Gov't",[NOT AVAILABLE]
PMID:21372141,Phenylbutyrate up-regulates the DJ-1 protein and protects neurons in cell culture and in animal models of Parkinson disease.,PUBMED_ABSTRACT,"D016428:Journal Article, D013485:Research Support, Non-U.S. Gov't",[NOT AVAILABLE]
PMID:15342223,Retinal nerve fiber layer thinning in Parkinson disease.,PUBMED_ABSTRACT,"D016428:Journal Article, D013485:Research Support, Non-U.S. Gov't",[NOT AVAILABLE]
PMID:21073636,Catechols in post-mortem brain of patients with Parkinson disease.,PUBMED_ABSTRACT,"D016428:Journal Article, D052060:Research Support, N.I.H., Intramural",[NOT AVAILABLE]
PMID:15295036,Persistent increase in olfactory type G-protein alpha subunit levels may underlie D1 receptor functional hypersensitivity in Parkinson disease.,PUBMED_ABSTRACT,"D016428:Journal Article, D013485:Research Support, Non-U.S. Gov't",[NOT AVAILABLE]
PMID:28283599,Dopamine transporter imaging does not predict the number of nigral neurons in Parkinson disease.,PUBMED_ABSTRACT,D016428:Journal Article,[NOT AVAILABLE]
PMID:24144250,Dopamine function and the efficiency of human movement.,PUBMED_ABSTRACT,"D016428:Journal Article, D052061:Research Support, N.I.H., Extramural, D013485:Research Support, Non-U.S. Gov't, D013486:Research Support, U.S. Gov't, Non-P.H.S.",[NOT AVAILABLE]
PMID:20044893,A neurocomputational model of dopamine and prefrontal-striatal interactions during multicue category learning by Parkinson patients.,PUBMED_ABSTRACT,"D016428:Journal Article, D052061:Research Support, N.I.H., Extramural, D013485:Research Support, Non-U.S. Gov't, D013486:Research Support, U.S. Gov't, Non-P.H.S.",[NOT AVAILABLE]
PMID:16140639,Developmental pesticide models of the Parkinson disease phenotype.,PUBMED_ABSTRACT,"D016428:Journal Article, D052061:Research Support, N.I.H., Extramural, D013486:Research Support, U.S. Gov't, Non-P.H.S., D013487:Research Support, U.S. Gov't, P.H.S.",[NOT AVAILABLE]
PMID:25459105,Proficient motor impulse control in Parkinson disease patients with impulsive and compulsive behaviors.,PUBMED_ABSTRACT,"D016428:Journal Article, D052061:Research Support, N.I.H., Extramural, D013485:Research Support, Non-U.S. Gov't",[NOT AVAILABLE]
PMID:2986056,Pro-opiomelanocortin peptides in the human hypothalamus: comparative study between normal subjects and Parkinson patients.,PUBMED_ABSTRACT,"D016428:Journal Article, D013485:Research Support, Non-U.S. Gov't",[NOT AVAILABLE]
PMID:8265656,Single photon emission computed tomographic imaging demonstrates loss of striatal dopamine transporters in Parkinson disease.,PUBMED_ABSTRACT,"D003160:Comparative Study, D016428:Journal Article, D013485:Research Support, Non-U.S. Gov't, D013486:Research Support, U.S. Gov't, Non-P.H.S., D013487:Research Support, U.S. Gov't, P.H.S.",[NOT AVAILABLE]
PMID:32956117,Clinical and Striatal Dopamine Transporter Predictors of Mild Behavioral Impairment in Drug-Naive Parkinson Disease.,PUBMED_ABSTRACT,D016428:Journal Article,[NOT AVAILABLE]
PMID:31840869,Glial cell line-derived neurotrophic factor receptor Rearranged during transfection agonist supports dopamine neurons in Vitro and enhances dopamine release In Vivo.,PUBMED_ABSTRACT,"D016428:Journal Article, D013485:Research Support, Non-U.S. Gov't",[NOT AVAILABLE]
PMID:16260788,Familial Parkinson mutant alpha-synuclein causes dopamine neuron dysfunction in transgenic Caenorhabditis elegans.,PUBMED_ABSTRACT,"D016428:Journal Article, D013485:Research Support, Non-U.S. Gov't",[NOT AVAILABLE]
PMID:26836514,Dopamine Modulation of Intertemporal Decision-making: Evidence from Parkinson Disease.,PUBMED_ABSTRACT,"D016428:Journal Article, D052061:Research Support, N.I.H., Extramural, D013486:Research Support, U.S. Gov't, Non-P.H.S.",[NOT AVAILABLE]
PMID:11068024,MK801 influences L-DOPA-induced dopamine release in intact and hemi-parkinson rats.,PUBMED_ABSTRACT,"D016428:Journal Article, D013485:Research Support, Non-U.S. Gov't",[NOT AVAILABLE]
PMID:29059491,Does smoking impact dopamine neuronal loss in de novo Parkinson disease?,PUBMED_ABSTRACT,D016428:Journal Article,[NOT AVAILABLE]
PMID:12915070,Organization of midbrain dopamine systems and the pathophysiology of Parkinson's disease.,PUBMED_ABSTRACT,"D016428:Journal Article, D016454:Review",[NOT AVAILABLE]
PMID:17853535,[Pathogenesis of Parkinson disease].,PUBMED_ABSTRACT,"D004740:English Abstract, D016428:Journal Article, D016454:Review",[NOT AVAILABLE]
PMID:17356338,Treatment of juvenile Parkinson disease and the recurrent emergence of pathologic gambling.,PUBMED_ABSTRACT,"D002363:Case Reports, D016428:Journal Article",[NOT AVAILABLE]
PMID:24979780,Increased vesicular monoamine transporter enhances dopamine release and opposes Parkinson disease-related neurodegeneration in vivo.,PUBMED_ABSTRACT,"D016428:Journal Article, D052061:Research Support, N.I.H., Extramural, D013485:Research Support, Non-U.S. Gov't",[NOT AVAILABLE]
PMID:15845424,The dopamine transporter: role in neurotoxicity and human disease.,PUBMED_ABSTRACT,"D016428:Journal Article, D052061:Research Support, N.I.H., Extramural, D013487:Research Support, U.S. Gov't, P.H.S., D016454:Review",[NOT AVAILABLE]
PMID:17172611,Inverse relationship between brain noradrenaline level and dopamine loss in Parkinson disease: a possible neuroprotective role for noradrenaline.,PUBMED_ABSTRACT,"D016428:Journal Article, D052061:Research Support, N.I.H., Extramural",[NOT AVAILABLE]
PMID:28906025,Vitamin D in the Parkinson Associated Risk Syndrome (PARS) study.,PUBMED_ABSTRACT,"D016428:Journal Article, D064888:Observational Study",[NOT AVAILABLE]
PMID:27613667,Dopamine and temporal attention: An attentional blink study in Parkinson's disease patients on and off medication.,PUBMED_ABSTRACT,D016428:Journal Article,[NOT AVAILABLE]
PMID:12669033,Direct brain infusion of glial cell line-derived neurotrophic factor in Parkinson disease.,PUBMED_ABSTRACT,"D016428:Journal Article, D013485:Research Support, Non-U.S. Gov't",[NOT AVAILABLE]
PMID:31907406,The future of stem cell therapies for Parkinson disease.,PUBMED_ABSTRACT,"D016428:Journal Article, D016454:Review",[NOT AVAILABLE]
PMID:16227987,Dopamine covalently modifies and functionally inactivates parkin.,PUBMED_ABSTRACT,"D016428:Journal Article, D052061:Research Support, N.I.H., Extramural, D013485:Research Support, Non-U.S. Gov't",[NOT AVAILABLE]
PMID:3816949,The dopamine autoreceptor agonist B-HT 920 stimulates denervated postsynaptic brain dopamine receptors in rodent and primate models of Parkinson's disease: a novel approach to treatment.,PUBMED_ABSTRACT,D016428:Journal Article,[NOT AVAILABLE]
PMID:26920358,Serotonin-to-dopamine transporter ratios in Parkinson disease: Relevance for dyskinesias.,PUBMED_ABSTRACT,"D016428:Journal Article, D013485:Research Support, Non-U.S. Gov't",[NOT AVAILABLE]
PMID:18978500,Dopamine dysregulation syndrome and levodopa-induced dyskinesias in Parkinson disease: common consequences of anomalous forms of neural plasticity.,PUBMED_ABSTRACT,D016428:Journal Article,[NOT AVAILABLE]
PMID:18781671,The history of dopamine and levodopa in the treatment of Parkinson's disease.,PUBMED_ABSTRACT,"D016456:Historical Article, D016428:Journal Article, D016454:Review",[NOT AVAILABLE]
PMID:29378432,Nanocarrier for levodopa Parkinson therapeutic drug; comprehensive benserazide analysis.,PUBMED_ABSTRACT,D016428:Journal Article,[NOT AVAILABLE]
PMID:24719485,Presynaptic dopamine depletion predicts levodopa-induced dyskinesia in de novo Parkinson disease.,PUBMED_ABSTRACT,"D016428:Journal Article, D013485:Research Support, Non-U.S. Gov't",[NOT AVAILABLE]
PMID:18398913,Apathy following subthalamic stimulation in Parkinson disease: a dopamine responsive symptom.,PUBMED_ABSTRACT,"D016428:Journal Article, D013485:Research Support, Non-U.S. Gov't",[NOT AVAILABLE]
PMID:20211259,Dopamine-dependent neurodegeneration in Drosophila models of familial and sporadic Parkinson's disease.,PUBMED_ABSTRACT,D016428:Journal Article,[NOT AVAILABLE]
PMID:21459116,Tongue force and timing deficits in a rat model of Parkinson disease.,PUBMED_ABSTRACT,D016428:Journal Article,[NOT AVAILABLE]
PMID:19442867,Dopamine modulates default mode network deactivation in elderly individuals during the Tower of London task.,PUBMED_ABSTRACT,"D016428:Journal Article, D013485:Research Support, Non-U.S. Gov't",[NOT AVAILABLE]
PMID:12045673,Effect of simple motor performance on regional dopamine release in the striatum in Parkinson disease patients and healthy subjects: a positron emission tomography study.,PUBMED_ABSTRACT,D016428:Journal Article,[NOT AVAILABLE]
PMID:3653699,Dopamine action and disorders of neurotransmitter balance.,PUBMED_ABSTRACT,D016428:Journal Article,[NOT AVAILABLE]
PMID:18922792,Formation of dopamine adducts derived from brain polyunsaturated fatty acids: mechanism for Parkinson disease.,PUBMED_ABSTRACT,D016428:Journal Article,[NOT AVAILABLE]
PMID:27070245,Increased Motor Activity During REM Sleep Is Linked with Dopamine Function in Idiopathic REM Sleep Behavior Disorder and Parkinson Disease.,PUBMED_ABSTRACT,"D016428:Journal Article, D013485:Research Support, Non-U.S. Gov't",[NOT AVAILABLE]
PMID:7574268,[Parkinson disease and the neuronal dopamine uptake complex].,PUBMED_ABSTRACT,"D004740:English Abstract, D016428:Journal Article, D016454:Review",[NOT AVAILABLE]
PMID:17932860,The effect of levodopa and dopamine agonists on optic nerve head in Parkinson disease.,PUBMED_ABSTRACT,"D003160:Comparative Study, D016428:Journal Article",[NOT AVAILABLE]
PMID:3134931,[Transplantation of the superior cervical ganglion into the brain--a new experimental therapy of Parkinson disease].,PUBMED_ABSTRACT,"D004740:English Abstract, D016428:Journal Article",[NOT AVAILABLE]
PMID:10891861,Stereospecific prevention by 17beta-estradiol of MPTP-induced dopamine depletion in mice.,PUBMED_ABSTRACT,"D016428:Journal Article, D013485:Research Support, Non-U.S. Gov't",[NOT AVAILABLE]
PMID:7202156,Dopamine deficiency in the cerebral cortex in Parkinson disease.,PUBMED_ABSTRACT,D016428:Journal Article,[NOT AVAILABLE]
PMID:28629580,Folding Underlies Bidirectional Role of GPR37/Pael-R in Parkinson Disease.,PUBMED_ABSTRACT,"D016428:Journal Article, D016454:Review, D013485:Research Support, Non-U.S. Gov't",[NOT AVAILABLE]
PMID:6810204,Prolactin secretion in Parkinson disease.,PUBMED_ABSTRACT,"D016430:Clinical Trial, D016428:Journal Article, D016449:Randomized Controlled Trial",[NOT AVAILABLE]
PMID:30153150,The Pattern of Striatal Dopamine Depletion as a Prognostic Marker in De Novo Parkinson Disease.,PUBMED_ABSTRACT,D016428:Journal Article,[NOT AVAILABLE]
PMID:10443783,Effects of unilateral striatal dopamine depletion on tongue force and rhythm during licking in rats.,PUBMED_ABSTRACT,"D016428:Journal Article, D013487:Research Support, U.S. Gov't, P.H.S.",[NOT AVAILABLE]
PMID:24832846,Reduced dopamine transporter binding predates impulse control disorders in Parkinson's disease.,PUBMED_ABSTRACT,D016428:Journal Article,[NOT AVAILABLE]
PMID:6109265,Is the mesocortical dopaminergic system involved in Parkinson disease?,PUBMED_ABSTRACT,"D016428:Journal Article, D013485:Research Support, Non-U.S. Gov't",[NOT AVAILABLE]
PMID:17101892,Clinical correlates of levodopa-induced dopamine release in Parkinson disease: a PET study.,PUBMED_ABSTRACT,D016428:Journal Article,[NOT AVAILABLE]
PMID:7809050,Lazaroids improve the survival of grafted rat embryonic dopamine neurons.,PUBMED_ABSTRACT,"D016428:Journal Article, D013485:Research Support, Non-U.S. Gov't",[NOT AVAILABLE]
PMID:8509271,Dopamine D2 receptor imaging with SPECT using IBZM in 16 patients with Parkinson disease.,PUBMED_ABSTRACT,D016428:Journal Article,[NOT AVAILABLE]
PMID:16087771,Pleuropulmonary fibrosis after long-term treatment with the dopamine agonist pergolide for Parkinson Disease.,PUBMED_ABSTRACT,"D002363:Case Reports, D016428:Journal Article",[NOT AVAILABLE]
PMID:15911797,[99mTc]TRODAT-1 SPECT imaging correlates with odor identification in early Parkinson disease.,PUBMED_ABSTRACT,"D016428:Journal Article, D052061:Research Support, N.I.H., Extramural, D013486:Research Support, U.S. Gov't, Non-P.H.S., D013487:Research Support, U.S. Gov't, P.H.S.",[NOT AVAILABLE]
PMID:18475072,Speech and swallowing disorders in Parkinson disease.,PUBMED_ABSTRACT,"D016428:Journal Article, D052061:Research Support, N.I.H., Extramural, D016454:Review",[NOT AVAILABLE]
PMID:27807182,Sleep problems and hypothalamic dopamine D3 receptor availability in Parkinson disease.,PUBMED_ABSTRACT,D016428:Journal Article,[NOT AVAILABLE]
PMID:30633814,"The usual suspects, dopamine and alpha-synuclein, conspire to cause neurodegeneration.",PUBMED_ABSTRACT,"D016428:Journal Article, D016454:Review",[NOT AVAILABLE]
PMID:11982490,Parkinson syndrome as a manifestation of mitochondriopathy.,PUBMED_ABSTRACT,D016428:Journal Article,[NOT AVAILABLE]
PMID:11598492,Apomorphine-induced changes in synaptic dopamine levels: positron emission tomography evidence for presynaptic inhibition.,PUBMED_ABSTRACT,"D016428:Journal Article, D013485:Research Support, Non-U.S. Gov't",[NOT AVAILABLE]
PMID:22571461,Dopamine agonists and the suppression of impulsive motor actions in Parkinson disease.,PUBMED_ABSTRACT,"D016430:Clinical Trial, D003160:Comparative Study, D016428:Journal Article, D052061:Research Support, N.I.H., Extramural, D013485:Research Support, Non-U.S. Gov't",[NOT AVAILABLE]
PMID:10903391,"Dopamine agonists in the treatment of Parkinson s disease past, present and future.",PUBMED_ABSTRACT,"D016428:Journal Article, D016454:Review",[NOT AVAILABLE]
PMID:22045321,"Dopamine receptors, motor responses, and dopaminergic agonists.",PUBMED_ABSTRACT,"D016428:Journal Article, D013485:Research Support, Non-U.S. Gov't",[NOT AVAILABLE]
PMID:32520498,Dysautonomia Is Linked to Striatal Dopamine Deficits and Regional Cerebral Perfusion in Early Parkinson Disease.,PUBMED_ABSTRACT,D016428:Journal Article,[NOT AVAILABLE]
PMID:32616674,Patterns of striatal dopamine depletion in early Parkinson disease: Prognostic relevance.,PUBMED_ABSTRACT,"D016428:Journal Article, D013485:Research Support, Non-U.S. Gov't",[NOT AVAILABLE]
PMID:24756517,Pharmacological treatment of Parkinson disease: a review.,PUBMED_ABSTRACT,"D016428:Journal Article, D016454:Review",[NOT AVAILABLE]
PMID:19619535,Dopamine receptor activation promotes adult neurogenesis in an acute Parkinson model.,PUBMED_ABSTRACT,"D016428:Journal Article, D013485:Research Support, Non-U.S. Gov't",[NOT AVAILABLE]
PMID:23271007,P73 and age-related diseases: is there any link with Parkinson Disease?,PUBMED_ABSTRACT,"D016428:Journal Article, D013485:Research Support, Non-U.S. Gov't",[NOT AVAILABLE]
PMID:17619858,Spatial deficits in a mouse model of Parkinson disease.,PUBMED_ABSTRACT,"D016428:Journal Article, D013485:Research Support, Non-U.S. Gov't",[NOT AVAILABLE]
PMID:6125563,Relatively high levels of dopamine in nucleus accumbens of levodopa treated patients with Parkinson's disease.,PUBMED_ABSTRACT,"D016428:Journal Article, D013487:Research Support, U.S. Gov't, P.H.S.",[NOT AVAILABLE]
PMID:2919185,Dopamine turnover and glutathione oxidation: implications for Parkinson disease.,PUBMED_ABSTRACT,"D016428:Journal Article, D013487:Research Support, U.S. Gov't, P.H.S.",[NOT AVAILABLE]
PMID:28594769,Four Cases of Parkinson Disease Diagnosed During the Postpartum Period.,PUBMED_ABSTRACT,"D002363:Case Reports, D016428:Journal Article",[NOT AVAILABLE]
PMID:32358046,"Preclinical Pharmacology of [2-(3-Fluoro-5-Methanesulfonyl-phenoxy)Ethyl](Propyl)amine (IRL790), a Novel Dopamine Transmission Modulator for the Treatment of Motor and Psychiatric Complications in Parkinson Disease.",PUBMED_ABSTRACT,"D016428:Journal Article, D013485:Research Support, Non-U.S. Gov't",[NOT AVAILABLE]
PMID:28246328,Synaptic vesicle glycoprotein 2C (SV2C) modulates dopamine release and is disrupted in Parkinson disease.,PUBMED_ABSTRACT,"D016428:Journal Article, D052061:Research Support, N.I.H., Extramural, D052060:Research Support, N.I.H., Intramural, D013485:Research Support, Non-U.S. Gov't",[NOT AVAILABLE]
PMID:19221295,B-type natriuretic peptide and cardiovalvulopathy in Parkinson disease with dopamine agonist.,PUBMED_ABSTRACT,"D003160:Comparative Study, D016428:Journal Article, D013485:Research Support, Non-U.S. Gov't",[NOT AVAILABLE]
PMID:11926889,Dopamine transporter brain imaging to assess the effects of pramipexole vs levodopa on Parkinson disease progression.,PUBMED_ABSTRACT,"D016430:Clinical Trial, D016428:Journal Article, D016449:Randomized Controlled Trial, D013485:Research Support, Non-U.S. Gov't",[NOT AVAILABLE]
PMID:17088677,Two-year follow-up in 150 consecutive cases with normal dopamine transporter imaging.,PUBMED_ABSTRACT,"D016430:Clinical Trial, D016428:Journal Article",[NOT AVAILABLE]
PMID:26778783,Distinct effects of dopamine vs STN stimulation therapies in associative learning and retention in Parkinson disease.,PUBMED_ABSTRACT,D016428:Journal Article,[NOT AVAILABLE]
PMID:12693888,Update on Parkinson disease.,PUBMED_ABSTRACT,"D016428:Journal Article, D013487:Research Support, U.S. Gov't, P.H.S., D016454:Review",[NOT AVAILABLE]
PMID:7911516,Intranigral fetal dopamine grafts induce behavioral compensation in the rat Parkinson model.,PUBMED_ABSTRACT,"D016428:Journal Article, D013485:Research Support, Non-U.S. Gov't, D013487:Research Support, U.S. Gov't, P.H.S.",[NOT AVAILABLE]
PMID:19232272,[Pleural effusion and pulmonary hypertension in a patient with Parkinson disease treated with cabergoline].,PUBMED_ABSTRACT,"D002363:Case Reports, D016428:Journal Article",[NOT AVAILABLE]
PMID:29626177,Diabetes mellitus and Parkinson disease.,PUBMED_ABSTRACT,"D016428:Journal Article, D013485:Research Support, Non-U.S. Gov't",[NOT AVAILABLE]
PMID:15148138,The neurobiology of dopamine signaling.,PUBMED_ABSTRACT,"D016428:Journal Article, D016454:Review",[NOT AVAILABLE]
PMID:33252908,Parkinson Disease.,PUBMED_ABSTRACT,D016428:Journal Article,[NOT AVAILABLE]
PMID:30216543,Functional monoamine oxidase B gene intron 13 polymorphism predicts putaminal dopamine turnover in de novo Parkinson's disease.,PUBMED_ABSTRACT,"D016428:Journal Article, D013485:Research Support, Non-U.S. Gov't",[NOT AVAILABLE]
PMID:20679593,Effects of expectation on placebo-induced dopamine release in Parkinson disease.,PUBMED_ABSTRACT,"D003160:Comparative Study, D016428:Journal Article, D013485:Research Support, Non-U.S. Gov't",[NOT AVAILABLE]
PMID:20302395,Skin-derived precursors differentiating into dopaminergic neuronal cells in the brains of Parkinson disease model rats.,PUBMED_ABSTRACT,"D016428:Journal Article, D013485:Research Support, Non-U.S. Gov't",[NOT AVAILABLE]
PMID:8248849,"Low density of dopamine D4 receptors in Parkinson's, schizophrenia, and control brain striata.",PUBMED_ABSTRACT,"D016428:Journal Article, D013485:Research Support, Non-U.S. Gov't, D013487:Research Support, U.S. Gov't, P.H.S.",[NOT AVAILABLE]
PMID:19847912,Dopamine D2 receptor knockout mice develop features of Parkinson disease.,PUBMED_ABSTRACT,"D003160:Comparative Study, D016428:Journal Article, D013485:Research Support, Non-U.S. Gov't",[NOT AVAILABLE]
